id,title,filename
1,肖申克的救赎,Afanda.jpg
2,霸王别姬,Aganzhengzhuan.jpg
3,阿甘正传,Bawangbieji.jpg
4,泰坦尼克号,Bianfuxia.jpg
5,千与千寻,Bianfuxiaheianqishi.jpg
6,这个杀手不太冷,Bianxingjingang.jpg
7,辛德勒的名单,Bojijulebu.jpg
8,盗梦空间,Chaoren.jpg
9,星际穿越,Dahuaxiyou.jpg
10,寄生上流,Dangxingfulaiqiaomen.jpg
11,放牛班的春天,Daomengkongjian.jpg
12,海上钢琴师,Diezhongdie.jpg
13,怦然心动,Fangniubandechuntian.jpg
14,疯狂动物城,Fengkuangdongwucheng.jpg
15,当幸福来敲门,Fuchouzhelianmeng.jpg
16,龙猫,Gangtiexia.jpg
17,忠犬八公的故事,Haishanggangqinshi.jpg
18,大话西游,Haizeiwang.jpg
19,美丽心灵,Heikediguo.jpg
20,罗马假日,Huoyingrenzhe.jpg
21,天堂电影院,Jiaofu.jpg
22,小妇人,Jishengshangliu.jpg
23,寻梦环游记,Jufengyingjiu.jpg
24,教父,Langkejianxin.jpg
25,蝙蝠侠：黑暗骑士,Leishen.jpg
26,指环王：王者归来,Linglingqidapotianmushaji.jpg
27,阿凡达,Longmao.jpg
28,黑客帝国,Luomajiari.jpg
29,搏击俱乐部,Lvjurenhaoke.jpg
30,钢铁侠,Meiguoduizhang.jpg
31,复仇者联盟,Meilixinling.jpg
32,速度与激情,Pengranxindong.jpg
33,007：大破天幕杀机,Qianyuqianxun.jpg
34,碟中谍,Quanyecha.jpg
35,飓风营救,Shenqinvxia.jpg
36,变形金刚,Shenqisixia.jpg
37,雷神,Shouwangzhe.jpg
38,美国队长,Sishen.jpg
39,绿巨人浩克,Sishi.jpg
40,神奇四侠,Suduyujiqing.jpg
41,X战警,Taitannikehao.jpg
42,蜘蛛侠,Tiantangdianyingyuan.jpg
43,超人,Xiaofuren.jpg
44,蝙蝠侠,Xiaoshenkedejiushu.jpg
45,神奇女侠,Xindeledemingdan.jpg
46,正义联盟,Xingjichuanyue.jpg
47,蚁人,Xunmenghuanyouji.jpg
48,死侍,Xzhanjing.jpg
49,守望者,Yiren.jpg
50,浪客剑心,Youyoubaishu.jpg
51,幽游白书,Zhegeshashoubutaileng.jpg
52,海贼王,Zhengyilianmeng.jpg
53,火影忍者,Zhihuanwangwangzheguilai.jpg
54,死神,Zhizhuxia.jpg
55,犬夜叉,Zhongquanbagongdegushi.jpg
